{
  "fit": {
    "downstream_tf": {
      "crps_mean": 0.10820847004652023,
      "crps_name": "crps",
      "nll_mean": -0.26740437746047974,
      "nll_name": "nll",
      "nll_q90": 1.1182363033294678
    },
    "upstream": {
      "crps_mean": 0.40866029262542725,
      "crps_name": "crps",
      "nll_mean": 1.0744142532348633,
      "nll_name": "nll",
      "nll_q90": 1.937036395072937
    }
  },
  "rollout": {
    "downstream_mean_err": 0.012317237444222239,
    "downstream_q90_err": 0.013546121190073146,
    "downstream_var_ratio": 1.0108412504196167,
    "joint_energy": -0.00047625336354584213,
    "upstream_var_ratio": 1.0243077278137207
  }
}