{
  "meta": {
    "num_rows": 10000,
    "num_samples": 128
  },
  "rollout": {
    "corr_err_by_source": 0.0072413547826217116,
    "crps_downstream": 0.21392827707073617,
    "crps_upstream": 0.40480578599630473,
    "downstream_mean_mae_by_source": 0.7403729915192245,
    "downstream_std_logerr_by_source": 0.9884754590350671,
    "energy_2d": 0.00021345630477975774
  }
}