{
  "meta": {
    "num_rows": 10000,
    "num_samples": 128
  },
  "rollout": {
    "corr_err_by_source": 0.01667571511016201,
    "crps_downstream": 0.38351000007424185,
    "crps_upstream": 0.42540710337759086,
    "downstream_mean_mae_by_source": 0.5830656539017705,
    "downstream_std_logerr_by_source": 0.39333490424576534,
    "energy_2d": -0.00013300010900363368
  }
}