{
  "meta": {
    "num_rows": 10000,
    "num_samples": 16
  },
  "rollout": {
    "corr_err_by_source": 0.010669857779076874,
    "crps_downstream": 0.2258365315389086,
    "crps_upstream": 0.4279680006294078,
    "downstream_mean_mae_by_source": 0.7394970874573931,
    "downstream_std_logerr_by_source": 0.987838291978289,
    "energy_2d": 0.0001935473376422081
  }
}