{
  "meta": {
    "num_rows": 10000,
    "num_samples": 128
  },
  "rollout": {
    "corr_err_by_source": 0.9845331759190884,
    "crps_downstream": 0.2193924108343292,
    "crps_upstream": 0.39521517727234434,
    "downstream_mean_mae_by_source": 0.7508477355365233,
    "downstream_std_logerr_by_source": 1.190780004041973,
    "energy_2d": 0.015685453227444635
  }
}