{
  "meta": {
    "num_rows": 10000,
    "num_samples": 128
  },
  "rollout": {
    "corr_err_by_source": 0.08898599363470566,
    "crps_downstream": 0.428572898985348,
    "crps_upstream": 0.4489765606978319,
    "downstream_mean_mae_by_source": 0.6051469052010023,
    "downstream_std_logerr_by_source": 0.8924100361232116,
    "energy_2d": 0.06270133872384731
  }
}