{
  "fit": {
    "downstream_tf": {
      "crps_mean": 0.22706742584705353,
      "crps_name": "crps",
      "nll_mean": 0.5931870341300964,
      "nll_name": "nll_is",
      "nll_q90": 0.8532246351242065
    },
    "upstream": {
      "crps_mean": 0.3980103135108948,
      "crps_name": "crps_mc",
      "nll_mean": 1.06043541431427,
      "nll_name": "nll_mc",
      "nll_q90": 2.0269784927368164
    }
  },
  "rollout": {
    "downstream_mean_err": 0.005018572788686512,
    "downstream_q90_err": 0.13574194432001274,
    "downstream_var_ratio": 1.2460561990737917,
    "joint_energy": 0.01513363993865191,
    "upstream_var_ratio": 0.9947932362556458
  }
}