{
  "meta": {
    "num_rows": 10000,
    "num_samples": 128
  },
  "rollout": {
    "corr_err_by_source": 0.3937241382172254,
    "crps_downstream": 0.3028741194604825,
    "crps_upstream": 0.435652372085939,
    "downstream_mean_mae_by_source": 0.7508192344016938,
    "downstream_std_logerr_by_source": 1.562299384829516,
    "energy_2d": 0.09252186659267725
  }
}