{
  "meta": {
    "num_rows": 10000,
    "num_samples": 128
  },
  "rollout": {
    "corr_err_by_source": 0.0008510296400721873,
    "crps_downstream": 0.1959744892799823,
    "crps_upstream": 0.3953955050103553,
    "downstream_mean_mae_by_source": 0.7519334149609552,
    "downstream_std_logerr_by_source": 1.078823653298293,
    "energy_2d": -0.000195999689231785
  }
}