{
  "fit": {
    "downstream_tf": {
      "crps_mean": 0.03198867663741112,
      "crps_name": "crps",
      "nll_mean": -1.465962529182434,
      "nll_name": "nll",
      "nll_q90": -0.5625288486480713
    },
    "upstream": {
      "crps_mean": 0.3973216414451599,
      "crps_name": "crps",
      "nll_mean": 1.0478812456130981,
      "nll_name": "nll",
      "nll_q90": 1.9622703790664673
    }
  },
  "rollout": {
    "downstream_mean_err": 0.005719119217245819,
    "downstream_q90_err": 0.010687346465398484,
    "downstream_var_ratio": 0.9971228241920473,
    "joint_energy": -0.0010495349435903911,
    "upstream_var_ratio": 0.9944972395896912
  }
}