{
  "meta": {
    "num_rows": 10000,
    "num_samples": 16
  },
  "rollout": {
    "corr_err_by_source": 0.0009830984544398791,
    "crps_downstream": 0.20543044177202718,
    "crps_upstream": 0.4142010911394991,
    "downstream_mean_mae_by_source": 0.7504322108358668,
    "downstream_std_logerr_by_source": 1.0792501249803559,
    "energy_2d": -0.00014962253154471306
  }
}