{
  "meta": {
    "num_rows": 10000,
    "num_samples": 16
  },
  "rollout": {
    "corr_err_by_source": 0.01702166758866952,
    "crps_downstream": 0.22467466339956285,
    "crps_upstream": 0.42473012618474276,
    "downstream_mean_mae_by_source": 0.7388148178967542,
    "downstream_std_logerr_by_source": 0.9829227487718766,
    "energy_2d": -0.0001775942081216897
  }
}