{
  "fit": {
    "downstream_tf": {
      "crps_mean": 0.10804902017116547,
      "crps_name": "crps",
      "nll_mean": -0.2695727050304413,
      "nll_name": "nll",
      "nll_q90": 1.0975855588912964
    },
    "upstream": {
      "crps_mean": 0.4080328643321991,
      "crps_name": "crps",
      "nll_mean": 1.0749406814575195,
      "nll_name": "nll",
      "nll_q90": 1.9412133693695068
    }
  },
  "rollout": {
    "downstream_mean_err": 0.011803971603512499,
    "downstream_q90_err": 0.018073069979665624,
    "downstream_var_ratio": 0.9919975399971008,
    "joint_energy": -0.001326352036468803,
    "upstream_var_ratio": 1.015000343322754
  }
}