{
  "fit": {
    "downstream_tf": {
      "crps_mean": 43.4649543762207,
      "crps_name": "crps",
      "nll_mean": 5.7297587394714355,
      "nll_name": "nll",
      "nll_q90": 5.90312385559082
    },
    "upstream": {
      "crps_mean": 58.296905517578125,
      "crps_name": "crps",
      "nll_mean": 2.3576722145080566,
      "nll_name": "nll",
      "nll_q90": 2.762038230895996
    }
  },
  "rollout": {
    "downstream_mean_err": 70.75429698485729,
    "downstream_q90_err": 12.98166477774069,
    "downstream_var_ratio": 207.3865161327857,
    "joint_energy": 141.9611044093199,
    "upstream_var_ratio": 562.9692319206224
  }
}