{
  "fit": {
    "downstream_tf": {
      "crps_mean": 2.27547550201416,
      "crps_name": "crps_is",
      "nll_mean": 4.052478790283203,
      "nll_name": "nll_is",
      "nll_q90": 8.778562545776367
    },
    "upstream": {
      "crps_mean": 54.43696212768555,
      "crps_name": "crps_mc",
      "nll_mean": 7.434192180633545,
      "nll_name": "nll_mc",
      "nll_q90": 10.901232719421387
    }
  },
  "rollout": {
    "downstream_mean_err": 46.103618827050894,
    "downstream_q90_err": 24.916525007232877,
    "downstream_var_ratio": 41164.031519325945,
    "joint_energy": 112.26953044509571,
    "upstream_var_ratio": 457.77369699512275
  }
}