{
  "fit": {
    "downstream_tf": {
      "crps_mean": 0.2413562685251236,
      "crps_name": "crps",
      "nll_mean": 0.628261387348175,
      "nll_name": "nll_is",
      "nll_q90": 0.9370569586753845
    },
    "upstream": {
      "crps_mean": 0.4097692370414734,
      "crps_name": "crps_mc",
      "nll_mean": 1.0870082378387451,
      "nll_name": "nll_mc",
      "nll_q90": 2.0422496795654297
    }
  },
  "rollout": {
    "downstream_mean_err": 0.0065999100916084965,
    "downstream_q90_err": 0.11701942689228262,
    "downstream_var_ratio": 1.2277132272720337,
    "joint_energy": 0.011682971162759737,
    "upstream_var_ratio": 0.979495108127594
  }
}