{
  "meta": {
    "num_rows": 10000,
    "num_samples": 128
  },
  "rollout": {
    "corr_err_by_source": 0.14922827066945338,
    "crps_downstream": 0.43909682479851764,
    "crps_upstream": 0.473082784447228,
    "downstream_mean_mae_by_source": 0.5860018892048297,
    "downstream_std_logerr_by_source": 0.8547648092361568,
    "energy_2d": 0.05908841832199041
  }
}