{
  "fit": {
    "downstream_tf": {
      "crps_mean": 3.1763553619384766,
      "crps_name": "crps_is",
      "nll_mean": 7.761691570281982,
      "nll_name": "nll_is",
      "nll_q90": 18.715328216552734
    },
    "upstream": {
      "crps_mean": 54.81366729736328,
      "crps_name": "crps_mc",
      "nll_mean": 12.477972984313965,
      "nll_name": "nll_mc",
      "nll_q90": 25.798381805419922
    }
  },
  "rollout": {
    "downstream_mean_err": 147.373050894922,
    "downstream_q90_err": 22.648809553131315,
    "downstream_var_ratio": 3234174.659568966,
    "joint_energy": 109.12700736491286,
    "upstream_var_ratio": 454.82834375924153
  }
}