{
  "fit": {
    "downstream_tf": {
      "crps_mean": 3.1382229328155518,
      "crps_name": "crps_is",
      "nll_mean": -4.441285610198975,
      "nll_name": "nll_is",
      "nll_q90": 3.263798713684082
    },
    "upstream": {
      "crps_mean": 54.81366729736328,
      "crps_name": "crps_mc",
      "nll_mean": 12.477972984313965,
      "nll_name": "nll_mc",
      "nll_q90": 25.798381805419922
    }
  },
  "rollout": {
    "downstream_mean_err": 67.35083409804699,
    "downstream_q90_err": 23.904737592682096,
    "downstream_var_ratio": 48040.5534795945,
    "joint_energy": 111.75655849501368,
    "upstream_var_ratio": 452.08515558359545
  }
}