{
  "meta": {
    "num_rows": 10000,
    "num_samples": 16
  },
  "rollout": {
    "corr_err_by_source": 0.818950332919111,
    "crps_downstream": 0.25303278546943614,
    "crps_upstream": 0.4262409955199597,
    "downstream_mean_mae_by_source": 0.7369538131558231,
    "downstream_std_logerr_by_source": 1.0915335655896765,
    "energy_2d": 0.01040830299966089
  }
}