{
  "meta": {
    "num_rows": 10000,
    "num_samples": 128
  },
  "rollout": {
    "corr_err_by_source": 0.3515822317830875,
    "crps_downstream": 0.34272780338397635,
    "crps_upstream": 0.4731392323747874,
    "downstream_mean_mae_by_source": 0.7160904411657011,
    "downstream_std_logerr_by_source": 1.3260884039371736,
    "energy_2d": 0.07878751537359019
  }
}