{
  "meta": {
    "num_rows": 10000,
    "num_samples": 128
  },
  "rollout": {
    "corr_err_by_source": 0.02356663141564671,
    "crps_downstream": 0.3702102175750374,
    "crps_upstream": 0.3952149606476555,
    "downstream_mean_mae_by_source": 0.6039889765702927,
    "downstream_std_logerr_by_source": 0.4330730972537024,
    "energy_2d": -0.00017055191210335607
  }
}