{
  "meta": {
    "num_rows": 10000,
    "num_samples": 128
  },
  "rollout": {
    "corr_err_by_source": 0.0008433614405993662,
    "crps_downstream": 0.19497476378302753,
    "crps_upstream": 0.3939436223657238,
    "downstream_mean_mae_by_source": 0.752046820848897,
    "downstream_std_logerr_by_source": 1.0801989795536922,
    "energy_2d": -0.0002492312262230012
  }
}