{
  "fit": {
    "downstream_tf": {
      "crps_mean": 0.03282979130744934,
      "crps_name": "crps",
      "nll_mean": -1.4428459405899048,
      "nll_name": "nll",
      "nll_q90": -0.600813090801239
    },
    "upstream": {
      "crps_mean": 0.3982078731060028,
      "crps_name": "crps",
      "nll_mean": 1.0479742288589478,
      "nll_name": "nll",
      "nll_q90": 1.938977837562561
    }
  },
  "rollout": {
    "downstream_mean_err": 0.0063248043879876115,
    "downstream_q90_err": 0.0018498849938408668,
    "downstream_var_ratio": 0.9980387687683108,
    "joint_energy": -0.0008846756416156509,
    "upstream_var_ratio": 1.0063737630844116
  }
}